Gatillo,Pregunta,Respuesta1,Respuesta2,Respuesta3,Respuesta4,Respuesta5,Respuesta6,Respuesta7,Respuesta8,Respuesta9,Respuesta10,Respuesta11,Respuesta12,Respuesta13
"¡Hola! ¿En qué te puedo ayudar?","Bienvenido a JOCARSA. ¿Qué información deseas?","Información sobre la empresa","Contacto y ubicación","Servicios","Proyectos destacados","Trabaja con nosotros","Noticias y eventos","Soporte técnico","FAQ","","","","",""
"Información sobre la empresa","JOCARSA es líder en soluciones tecnológicas, con más de 20 años de experiencia. ¿Qué deseas conocer?","Historia","Misión y visión","Valores","Certificaciones","Volver al inicio","","","","","","",""
"Contacto y ubicación","Puedes contactarnos al teléfono 123-456-789 o en la dirección Avenida Siempre Viva 123, Ciudad. ¿Necesitas más información?","Horarios de atención","Mapa de ubicación","Volver al inicio","","","","","","","","",""
"Servicios","Ofrecemos una amplia gama de servicios. ¿Qué servicio te interesa?","Desarrollo web","Consultoría tecnológica","Capacitación","Soporte técnico","Otro servicio","Volver al inicio","","","","","",""
"Proyectos destacados","Conoce nuestros proyectos destacados. ¿Qué te gustaría ver?","Casos de éxito","Innovación y R&D","Alianzas estratégicas","Volver al inicio","","","","","","","",""
"Trabaja con nosotros","En JOCARSA buscamos talentos. ¿Qué información te interesa?","Ofertas de empleo","Proceso de selección","Beneficios","Volver al inicio","","","","","","","",""
"Noticias y eventos","Mantente al día con nuestras últimas noticias y eventos. ¿Qué deseas saber?","Últimas noticias","Próximos eventos","Volver al inicio","","","","","","","","",""
"Soporte técnico","Para soporte técnico, por favor selecciona una opción:","Problemas con el sitio web","Errores en servicios","Contactar soporte","Volver al inicio","","","","","","","",""
"FAQ","Estas son algunas preguntas frecuentes sobre JOCARSA. ¿Cuál te interesa?","Precios y presupuestos","Testimonios de clientes","Recursos y blog","Volver al inicio","","","","","","","",""
"Historia","JOCARSA fue fundada en el año 2000, comenzando como una pequeña startup y evolucionando a un referente del sector. ¿Quieres saber más?","Volver al inicio","","","","","","","","","","",""
"Misión y visión","Nuestra misión es impulsar la innovación y la competitividad; nuestra visión es ser líderes en soluciones tecnológicas. ¿Deseas más información?","Volver al inicio","","","","","","","","","","",""
"Valores","Nuestros valores incluyen integridad, excelencia, innovación y compromiso social. ¿Te gustaría volver al inicio?","Volver al inicio","","","","","","","","","","",""
"Certificaciones","Estamos certificados por diversas entidades internacionales que avalan nuestra calidad y compromiso. ¿Necesitas más detalles?","Volver al inicio","","","","","","","","","","",""
"Horarios de atención","Nuestro horario de atención es de lunes a viernes de 9:00 a 18:00. ¿Necesitas otra información?","Volver al inicio","","","","","","","","","","",""
"Mapa de ubicación","Encuentra nuestra ubicación en este mapa interactivo: [Enlace al mapa]. ¿Deseas más ayuda?","Volver al inicio","","","","","","","","","","",""
"Desarrollo web","Ofrecemos soluciones de desarrollo web adaptativas y modernas. ¿Te interesa conocer algún detalle específico?","Portafolio","Tecnologías utilizadas","Volver al inicio","","","","","","","","",""
"Consultoría tecnológica","Brindamos consultoría para transformación digital y optimización de procesos. ¿Te gustaría recibir asesoramiento?","Solicitar asesoramiento","Ver casos de éxito","Volver al inicio","","","","","","","",""
"Capacitación","Ofrecemos cursos y talleres en diversas áreas tecnológicas. ¿Qué modalidad te interesa?","Cursos online","Talleres presenciales","Volver al inicio","","","","","","","",""
"Otro servicio","Por favor, especifica el servicio que buscas y te pondremos en contacto con el área correspondiente. (Consulta vía email: info@jocarasa.com)","Volver al inicio","","","","","","","","","","",""
"Casos de éxito","Descubre cómo hemos ayudado a nuestros clientes a transformar sus negocios. ¿Te interesa algún sector en particular?","Sector retail","Sector industrial","Sector tecnológico","Volver al inicio","","","","","","","",""
"Innovación y R&D","Conoce nuestras iniciativas en investigación y desarrollo. ¿Qué te gustaría saber?","Proyectos en curso","Colaboraciones","Volver al inicio","","","","","","","",""
"Alianzas estratégicas","Contamos con alianzas estratégicas a nivel nacional e internacional. ¿Deseas saber con quiénes colaboramos?","Ver alianzas","Volver al inicio","","","","","","","","","",""
"Ofertas de empleo","Consulta nuestras ofertas de empleo en el sitio web de JOCARSA. ¿Deseas ir al portal de empleo?","Ir al portal","Volver al inicio","","","","","","","","","",""
"Proceso de selección","Nuestro proceso de selección es transparente y orientado a identificar talento. ¿Deseas más detalles?","Conocer proceso","Volver al inicio","","","","","","","","","",""
"Beneficios","Ofrecemos atractivos beneficios a nuestros colaboradores, como seguro médico, formación continua y más. ¿Te interesa algún beneficio en particular?","Volver al inicio","","","","","","","","","","",""
"Últimas noticias","Mantente informado con las últimas noticias sobre JOCARSA. Visita nuestra sección de noticias para más detalles. ¿Qué te gustaría hacer?","Ir a noticias","Volver al inicio","","","","","","","","","",""
"Próximos eventos","Consulta nuestro calendario de eventos y participa en nuestros próximos encuentros. ¿Deseas ver el calendario?","Ver calendario","Volver al inicio","","","","","","","","","",""
"Problemas con el sitio web","Si tienes problemas con nuestro sitio web, por favor describe el error o contacta soporte. Puedes enviar un correo a soporte@jocarasa.com. ¿Necesitas más ayuda?","Volver al inicio","","","","","","","","","","",""
"Errores en servicios","Para reportar errores en nuestros servicios, por favor detalla el problema y nuestro equipo te ayudará. ¿Deseas volver al inicio?","Volver al inicio","","","","","","","","","","",""
"Contactar soporte","Puedes contactar al soporte técnico a través del correo soporte@jocarasa.com o llamando al 123-456-789. ¿Qué más deseas hacer?","Volver al inicio","","","","","","","","","","",""
"Precios y presupuestos","Consulta nuestras tarifas y solicita un presupuesto personalizado. ¿Deseas recibir más información?","Solicitar presupuesto","Volver al inicio","","","","","","","","","",""
"Testimonios de clientes","Lee las opiniones de nuestros clientes y descubre cómo hemos ayudado a transformar sus negocios. ¿Te gustaría ver testimonios?","Ver testimonios","Volver al inicio","","","","","","","","","",""
"Recursos y blog","Accede a nuestros recursos y artículos en el blog para conocer más sobre tendencias tecnológicas. ¿Deseas visitar el blog?","Ir al blog","Volver al inicio","","","","","","","","","",""
"Solicitar asesoramiento","Por favor, rellena nuestro formulario en línea o contacta a nuestro equipo de consultoría para recibir asesoramiento personalizado. ¿Necesitas algo más?","Volver al inicio","","","","","","","","","","",""
"Portafolio","Revisa nuestro portafolio de proyectos para ver ejemplos de nuestro trabajo en desarrollo web. ¿Quieres ver el portafolio?","Ver portafolio","Volver al inicio","","","","","","","","","",""
"Tecnologías utilizadas","Utilizamos las últimas tecnologías como HTML5, CSS3, JavaScript, PHP y frameworks modernos. ¿Te interesa conocer más detalles?","Volver al inicio","","","","","","","","","","",""

